orden,clasificacion,ruta_local,destino_PROD,sha256
"1","OBLIGATORIO","C:/wamp64/www/automatiza-tech/.worktrees/codex-modo-feria-kiosco/CumpleBooth/dist/feria/vision-segmenter.js","public_html/app/feria/vision-segmenter.js","52b84244bb64fd460faf89e0fa24711bafd32cfd26e830e574d0fc67bdad7ab7"
"1","OBLIGATORIO (verificar; subir si falta o difiere)","C:/wamp64/www/automatiza-tech/.worktrees/codex-modo-feria-kiosco/CumpleBooth/public/vendor/mediapipe/.htaccess","public_html/app/vendor/mediapipe/.htaccess","9d8bc92e6c57f3bcab38ec22127e443c8b2c383ee76f56136afc49041a26336b"
"1","OBLIGATORIO","C:/wamp64/www/automatiza-tech/.worktrees/codex-modo-feria-kiosco/CumpleBooth/dist/vendor/mediapipe/selfie_segmenter.tflite","public_html/app/vendor/mediapipe/selfie_segmenter.tflite","191ac9529ae506ee0beefa6b2c945a172dab9d07d1e802a290a4e4038226658b"
"1","OBLIGATORIO (verificar; subir si falta o difiere)","C:/wamp64/www/automatiza-tech/.worktrees/codex-modo-feria-kiosco/CumpleBooth/public/vendor/mediapipe/vision_wasm_internal.js","public_html/app/vendor/mediapipe/vision_wasm_internal.js","80b646a9dadaa0e9fbab489b8a45eaf4d453580aaba321fda6912a7e533e0f4f"
"1","OBLIGATORIO (verificar; subir si falta o difiere)","C:/wamp64/www/automatiza-tech/.worktrees/codex-modo-feria-kiosco/CumpleBooth/public/vendor/mediapipe/vision_wasm_internal.wasm","public_html/app/vendor/mediapipe/vision_wasm_internal.wasm","f82a8e6c05e08a44cc9f9e7ec5f845935bcbb1b1500ebe8c2f4812fb4e2917dc"
"1","OBLIGATORIO (verificar; subir si falta o difiere)","C:/wamp64/www/automatiza-tech/.worktrees/codex-modo-feria-kiosco/CumpleBooth/public/vendor/mediapipe/vision_wasm_nosimd_internal.js","public_html/app/vendor/mediapipe/vision_wasm_nosimd_internal.js","f92e83e09ad73288849ae60c2332c2c5449fff7fd97a83a2a7dded34ab64af0a"
"1","OBLIGATORIO (verificar; subir si falta o difiere)","C:/wamp64/www/automatiza-tech/.worktrees/codex-modo-feria-kiosco/CumpleBooth/public/vendor/mediapipe/vision_wasm_nosimd_internal.wasm","public_html/app/vendor/mediapipe/vision_wasm_nosimd_internal.wasm","38b61feab2fd7934e05cbe9f68baa308978a5e3b7f85c1913bb8ae89b8ef8b97"
"2","OBLIGATORIO","C:/wamp64/www/automatiza-tech/.worktrees/codex-modo-feria-kiosco/CumpleBooth/dist/assets/album-CaWnfSyi.css","public_html/app/assets/album-CaWnfSyi.css","74fb4c2dfcb3ec3054fdc4f31d08a68ec2f0419d1a5382183edb0ba128c985cd"
"2","OBLIGATORIO","C:/wamp64/www/automatiza-tech/.worktrees/codex-modo-feria-kiosco/CumpleBooth/dist/assets/album-zYhkPpjF.js","public_html/app/assets/album-zYhkPpjF.js","de2a0fc960a2387a3d72cdf85c675810fa6093a65386583cef09390985f91d08"
"2","OBLIGATORIO","C:/wamp64/www/automatiza-tech/.worktrees/codex-modo-feria-kiosco/CumpleBooth/dist/assets/baloo-2-latin-600-normal-B4tNaogw.woff","public_html/app/assets/baloo-2-latin-600-normal-B4tNaogw.woff","b1cd520fb9d51312a0ee40b12d0b3b61c7f171aa4abc2a2871b2b0504b3a390c"
"2","OBLIGATORIO","C:/wamp64/www/automatiza-tech/.worktrees/codex-modo-feria-kiosco/CumpleBooth/dist/assets/baloo-2-latin-600-normal-tIfxVoAe.woff2","public_html/app/assets/baloo-2-latin-600-normal-tIfxVoAe.woff2","ffc22b431dcb01372be1986bc472bd400bbcb56b712a863c3abec7f8302e1bdd"
"2","OBLIGATORIO","C:/wamp64/www/automatiza-tech/.worktrees/codex-modo-feria-kiosco/CumpleBooth/dist/assets/baloo-2-latin-700-normal-CqTg7A15.woff2","public_html/app/assets/baloo-2-latin-700-normal-CqTg7A15.woff2","8e7ffc9b993aa8caa89bcab81e103c9eb2da4e3e042f37b7a5115d0ddbff12c0"
"2","OBLIGATORIO","C:/wamp64/www/automatiza-tech/.worktrees/codex-modo-feria-kiosco/CumpleBooth/dist/assets/baloo-2-latin-700-normal-Ld3Zm3l2.woff","public_html/app/assets/baloo-2-latin-700-normal-Ld3Zm3l2.woff","f1fcdf0b18ee5099fcc4fcd46e1ea0eaef63bc18ea85d4b1ba946ec29a88fe85"
"2","OBLIGATORIO","C:/wamp64/www/automatiza-tech/.worktrees/codex-modo-feria-kiosco/CumpleBooth/dist/assets/baloo-2-latin-800-normal-B8BXfZF7.woff","public_html/app/assets/baloo-2-latin-800-normal-B8BXfZF7.woff","e0581d15d3d71d1aab1b7fd4e1245583d0d18c30d3b8845e0856cf1e18474ef7"
"2","OBLIGATORIO","C:/wamp64/www/automatiza-tech/.worktrees/codex-modo-feria-kiosco/CumpleBooth/dist/assets/baloo-2-latin-800-normal-BbF3Etk1.woff2","public_html/app/assets/baloo-2-latin-800-normal-BbF3Etk1.woff2","3e36c57e37bda5b5f28cf10636d6d3aed4de5250df923f1b203b64ad857c79a7"
"2","OBLIGATORIO","C:/wamp64/www/automatiza-tech/.worktrees/codex-modo-feria-kiosco/CumpleBooth/dist/assets/browser-BeMEBtOm.js","public_html/app/assets/browser-BeMEBtOm.js","7a913a1cc05984bb0be151caf34ea55a65f27e562d7e9b2226e70515154a17c0"
"2","OBLIGATORIO","C:/wamp64/www/automatiza-tech/.worktrees/codex-modo-feria-kiosco/CumpleBooth/dist/assets/cartel-SlR9LYHX.js","public_html/app/assets/cartel-SlR9LYHX.js","7aca8d62f7bd2c842618613be8b9e48c97b6703223a333e933e2c24455478d0d"
"2","OBLIGATORIO","C:/wamp64/www/automatiza-tech/.worktrees/codex-modo-feria-kiosco/CumpleBooth/dist/assets/cartel-yJHq8X4K.css","public_html/app/assets/cartel-yJHq8X4K.css","9dddba6f4d5089b18eaefdd0aaaa5b0be3128f51bac93dd18480293bc4f67978"
"2","OBLIGATORIO","C:/wamp64/www/automatiza-tech/.worktrees/codex-modo-feria-kiosco/CumpleBooth/dist/assets/carteles-CIwK2MVx.js","public_html/app/assets/carteles-CIwK2MVx.js","99ab102a2c8feff9a51174a7531162b9f72e56700e1006d871a11f8e7c495392"
"2","OBLIGATORIO","C:/wamp64/www/automatiza-tech/.worktrees/codex-modo-feria-kiosco/CumpleBooth/dist/assets/carteles-CRjFN5QB.css","public_html/app/assets/carteles-CRjFN5QB.css","fad101b35a02b77b03722a1478db5d4dccacd6e4c4ffed1b1a644720caa593ef"
"2","OBLIGATORIO","C:/wamp64/www/automatiza-tech/.worktrees/codex-modo-feria-kiosco/CumpleBooth/dist/assets/caveat-latin-500-normal-B9SDL8cy.woff2","public_html/app/assets/caveat-latin-500-normal-B9SDL8cy.woff2","edbfb1a768829d4e85127cd327e59faaec9701cb043e96430938f1f66acf009f"
"2","OBLIGATORIO","C:/wamp64/www/automatiza-tech/.worktrees/codex-modo-feria-kiosco/CumpleBooth/dist/assets/caveat-latin-500-normal-Do9veZfZ.woff","public_html/app/assets/caveat-latin-500-normal-Do9veZfZ.woff","d8b180059ce9ff91b096e9c9058af08d576601477b470bdf5f20ec1f12c449a7"
"2","OBLIGATORIO","C:/wamp64/www/automatiza-tech/.worktrees/codex-modo-feria-kiosco/CumpleBooth/dist/assets/client-eulB1LW-.js","public_html/app/assets/client-eulB1LW-.js","003410cbc95679828a3e2c15ffb30ca87116962fcf4639baeb8b567243b035fb"
"2","OBLIGATORIO","C:/wamp64/www/automatiza-tech/.worktrees/codex-modo-feria-kiosco/CumpleBooth/dist/assets/cumpleclick-mark-C2JZLqUO.svg","public_html/app/assets/cumpleclick-mark-C2JZLqUO.svg","30aa84107f75000e3eed12afe4cdc46cc15fe285263e79aae437fdcf2269bc95"
"2","OBLIGATORIO","C:/wamp64/www/automatiza-tech/.worktrees/codex-modo-feria-kiosco/CumpleBooth/dist/assets/feria-BF1TD7YO.js","public_html/app/assets/feria-BF1TD7YO.js","53a485839f6a616456658445f5c538867de4323310b80f911ee6967b331e2dbe"
"2","OBLIGATORIO","C:/wamp64/www/automatiza-tech/.worktrees/codex-modo-feria-kiosco/CumpleBooth/dist/assets/feria-DiVuzLyh.js","public_html/app/assets/feria-DiVuzLyh.js","c80da410e56cecedec699978e5514c284c5f9c3dbfa39da1e75c27e00e94da5e"
"2","OBLIGATORIO","C:/wamp64/www/automatiza-tech/.worktrees/codex-modo-feria-kiosco/CumpleBooth/dist/assets/feria-DpAUL2uk.css","public_html/app/assets/feria-DpAUL2uk.css","d7643a76da178c22f793a16a2daa64dca5a0556d3e2f8faf298612264f3f4d4e"
"2","OBLIGATORIO","C:/wamp64/www/automatiza-tech/.worktrees/codex-modo-feria-kiosco/CumpleBooth/dist/assets/Lockup-B8jQuzlB.js","public_html/app/assets/Lockup-B8jQuzlB.js","63a97670e30a5d81a04fa926fdf7a256c20da003c30548e949699ee984de4523"
"2","OBLIGATORIO","C:/wamp64/www/automatiza-tech/.worktrees/codex-modo-feria-kiosco/CumpleBooth/dist/assets/Lockup-CQYbo7Xc.css","public_html/app/assets/Lockup-CQYbo7Xc.css","8ba377c42e2182386197f17b3870e2bfa1f73173eec083fa1baf09610612a3aa"
"2","OBLIGATORIO","C:/wamp64/www/automatiza-tech/.worktrees/codex-modo-feria-kiosco/CumpleBooth/dist/assets/main-BQAKXBRo.css","public_html/app/assets/main-BQAKXBRo.css","93dd053d9c75841f967298bc44a35390f68ec8fdc03758ba1aad0b0550b03732"
"2","OBLIGATORIO","C:/wamp64/www/automatiza-tech/.worktrees/codex-modo-feria-kiosco/CumpleBooth/dist/assets/main-DvPs7Asy.js","public_html/app/assets/main-DvPs7Asy.js","804d677e14ab03cb4b175c4af3fe8020d3a7530ac88345c5fdb917470f1b730f"
"2","OBLIGATORIO","C:/wamp64/www/automatiza-tech/.worktrees/codex-modo-feria-kiosco/CumpleBooth/dist/assets/segment.worker-CZ45B1n2.js","public_html/app/assets/segment.worker-CZ45B1n2.js","dbca692e9467e122ce668f8e2181d41bd850fb90ce91dc19dd1456778a3cb0c4"
"2","OBLIGATORIO","C:/wamp64/www/automatiza-tech/.worktrees/codex-modo-feria-kiosco/CumpleBooth/dist/assets/themeVars-BWg77og2.js","public_html/app/assets/themeVars-BWg77og2.js","534e4898fb58532f77fb40a7b336472387426298a608890e5772efa06d6cbc80"
"2","OBLIGATORIO","C:/wamp64/www/automatiza-tech/.worktrees/codex-modo-feria-kiosco/CumpleBooth/dist/assets/three.module-Y-ql4QRg.js","public_html/app/assets/three.module-Y-ql4QRg.js","fcab083acd4f21d42da1e19e1c0b5d590ce0034b4ad36d7666b2effd5a0c1d54"
"2","OBLIGATORIO","C:/wamp64/www/automatiza-tech/.worktrees/codex-modo-feria-kiosco/CumpleBooth/dist/assets/vision_bundle-Cd7_-YIR.js","public_html/app/assets/vision_bundle-Cd7_-YIR.js","dc8b4c7e45f572cd468ef153ef555a5ce28eaa2cbe12379d5fd989a68eb8c85d"
"3","OBLIGATORIO","C:/wamp64/www/automatiza-tech/.worktrees/codex-modo-feria-kiosco/CumpleBooth/dist/album.html","public_html/app/album.html","e4c7bcaf8f50406b8ec14a9556d450112fd0b4121ed354f8b2b8e1a03806532a"
"3","OBLIGATORIO","C:/wamp64/www/automatiza-tech/.worktrees/codex-modo-feria-kiosco/CumpleBooth/dist/cartel-qr.html","public_html/app/cartel-qr.html","8b87966ef854a059ad4053fb496a477f24398f812c7cee4b8cd892aa98b160f9"
"3","OBLIGATORIO","C:/wamp64/www/automatiza-tech/.worktrees/codex-modo-feria-kiosco/CumpleBooth/dist/carteles.html","public_html/app/carteles.html","b72c2dd7a13614db201a54d20b2297ccbc2d2f90a7a324d937663a4fb1e611cc"
"3","OBLIGATORIO","C:/wamp64/www/automatiza-tech/.worktrees/codex-modo-feria-kiosco/CumpleBooth/dist/index.html","public_html/app/index.html","ad7fd18410a08c4df04d660c12a998ccb56b11a12938296c65b4c79dcb004478"
"4","OBLIGATORIO","C:/wamp64/www/automatiza-tech/.worktrees/codex-modo-feria-kiosco/CumpleBooth/dist/feria.html","public_html/app/feria.html","a9c8ad1056b20e0d567b105e619248c03188beab08daa50cea6884030d8d8a7a"